age,income,spend,segment
-1.25,-1.5260563034950494,-1.2727272727272727,A
0.25,0.23180161405732433,0.18181818181818182,B
-0.25,-0.3022808718729336,-0.18181818181818182,A
1.25,0.9753796482441616,1.6363636363636365,C
